Match,Round,Agent_Names,Source,Action_Type,Action_Description,Player_Finished,Player_Hands,Board_Before,Board_After,Possible_Actions,Current_Roles,Match_Score,Game_Score,Game_Performance_Score
0,0,"['_RL_RL', 'RANDOM_R0', 'RANDOM_R1', 'RANDOM_R2']",SYSTEM,START_EXPERIMENT,,,,,,,,,,
1,0,,SYSTEM,NEW_MATCH,,,,,,,"{'_RL_RL': '', 'RANDOM_R0': '', 'RANDOM_R1': '', 'RANDOM_R2': ''}",,"{'_RL_RL': -1, 'RANDOM_R0': -1, 'RANDOM_R1': -1, 'RANDOM_R2': -1}",
1,0,,SYSTEM,DEAL_CARDS,,,"[[4, 4, 5, 6, 6, 7, 7, 7, 7, 8, 9, 9, 9, 9, 10, 0, 0], [1, 3, 0, 0, 6, 7, 8, 8, 9, 10, 10, 11, 11, 11, 11, 11, 0], [2, 3, 3, 0, 0, 7, 7, 8, 8, 9, 9, 9, 10, 10, 10, 10, 11], [2, 5, 5, 0, 0, 0, 8, 8, 8, 9, 10, 10, 10, 11, 11, 11, 11]]",,,,,,,
1,1,,_RL_RL,DISCARD,C11;Q1;J1,0.0,"[0, 0, 4, 4, 5, 6, 6, 7, 7, 7, 7, 8, 9, 9, 9, 9, 10]","[13, 0, 0, 0, 0, 0, 0, 0, 0, 0, 0]","[11, 12, 0, 0, 0, 0, 0, 0, 0, 0, 0]","['C11;Q1;J0', 'C11;Q1;J1', 'pass']",,,,
1,1,,RANDOM_R0,DISCARD,C5;Q2;J1,False,"[0, 0, 0, 1, 3, 6, 7, 8, 8, 9, 10, 10, 11, 11, 11, 11, 11]","[11, 12, 0, 0, 0, 0, 0, 0, 0, 0, 0]","[5, 5, 12, 0, 0, 0, 0, 0, 0, 0, 0]","['C1;Q1;J1', 'C3;Q1;J1', 'C5;Q1;J1', 'C5;Q2;J0', 'C5;Q2;J1', 'C6;Q1;J1', 'C7;Q1;J1', 'C8;Q1;J1', 'C8;Q2;J0', 'C8;Q2;J1', 'C9;Q1;J1', 'C10;Q1;J1', 'C10;Q2;J0', 'C10;Q2;J1', 'pass']",,,,
1,1,,RANDOM_R1,DISCARD,pass,False,"[2, 3, 3, 4, 4, 7, 7, 8, 8, 9, 9, 9, 10, 10, 10, 10, 11]","[5, 5, 12, 0, 0, 0, 0, 0, 0, 0, 0]","[5, 5, 12, 0, 0, 0, 0, 0, 0, 0, 0]",['pass'],,,,
1,1,,RANDOM_R2,DISCARD,pass,False,"[2, 5, 5, 6, 6, 6, 8, 8, 8, 9, 10, 10, 10, 11, 11, 11, 11]","[5, 5, 12, 0, 0, 0, 0, 0, 0, 0, 0]","[5, 5, 12, 0, 0, 0, 0, 0, 0, 0, 0]",['pass'],,,,
1,1,,_RL_RL,DISCARD,pass,False,"[0, 0, 4, 4, 5, 6, 6, 7, 7, 7, 7, 8, 9, 9, 9, 9, 10]","[5, 5, 12, 0, 0, 0, 0, 0, 0, 0, 0]","[5, 5, 12, 0, 0, 0, 0, 0, 0, 0, 0]",['pass'],,,,
1,1,,RANDOM_R0,DECLARE_PIZZA,,,,,,,,,,
1,2,,RANDOM_R0,DISCARD,C6;Q1;J0,False,"[0, 0, 0, 0, 1, 3, 7, 8, 8, 9, 10, 10, 11, 11, 11, 11, 11]","[13, 0, 0, 0, 0, 0, 0, 0, 0, 0, 0]","[6, 0, 0, 0, 0, 0, 0, 0, 0, 0, 0]","['C1;Q1;J0', 'C3;Q1;J0', 'C6;Q1;J0', 'C7;Q1;J0', 'C8;Q1;J0', 'C8;Q2;J0', 'C9;Q1;J0', 'C10;Q1;J0', 'C10;Q2;J0', 'C11;Q1;J0', 'C11;Q2;J0', 'C11;Q3;J0', 'C11;Q4;J0', 'C11;Q5;J0', 'pass']",,,,
1,2,,RANDOM_R1,DISCARD,C4;Q2;J0,False,"[0, 0, 2, 3, 3, 7, 7, 8, 8, 9, 9, 9, 10, 10, 10, 10, 11]","[6, 0, 0, 0, 0, 0, 0, 0, 0, 0, 0]","[4, 4, 0, 0, 0, 0, 0, 0, 0, 0, 0]","['C2;Q1;J0', 'C3;Q1;J0', 'C3;Q2;J0', 'C4;Q1;J0', 'C4;Q2;J0', 'pass']",,,,
1,2,,RANDOM_R2,DISCARD,pass,False,"[2, 5, 5, 6, 6, 6, 8, 8, 8, 9, 10, 10, 10, 11, 11, 11, 11]","[4, 4, 0, 0, 0, 0, 0, 0, 0, 0, 0]","[4, 4, 0, 0, 0, 0, 0, 0, 0, 0, 0]",['pass'],,,,
1,2,,_RL_RL,DISCARD,pass,False,"[0, 0, 4, 4, 5, 6, 6, 7, 7, 7, 7, 8, 9, 9, 9, 9, 10]","[4, 4, 0, 0, 0, 0, 0, 0, 0, 0, 0]","[4, 4, 0, 0, 0, 0, 0, 0, 0, 0, 0]",['pass'],,,,
1,2,,RANDOM_R0,DISCARD,pass,False,"[0, 0, 0, 0, 1, 3, 7, 8, 8, 9, 10, 10, 11, 11, 11, 11, 11]","[4, 4, 0, 0, 0, 0, 0, 0, 0, 0, 0]","[4, 4, 0, 0, 0, 0, 0, 0, 0, 0, 0]",['pass'],,,,
1,2,,RANDOM_R1,DECLARE_PIZZA,,,,,,,,,,
1,3,,RANDOM_R1,DISCARD,C10;Q4;J0,False,"[0, 0, 0, 0, 0, 0, 2, 3, 3, 7, 7, 8, 8, 9, 9, 9, 11]","[13, 0, 0, 0, 0, 0, 0, 0, 0, 0, 0]","[10, 10, 10, 10, 0, 0, 0, 0, 0, 0, 0]","['C2;Q1;J0', 'C3;Q1;J0', 'C3;Q2;J0', 'C7;Q1;J0', 'C7;Q2;J0', 'C8;Q1;J0', 'C8;Q2;J0', 'C9;Q1;J0', 'C9;Q2;J0', 'C9;Q3;J0', 'C10;Q1;J0', 'C10;Q2;J0', 'C10;Q3;J0', 'C10;Q4;J0', 'C11;Q1;J0', 'pass']",,,,
1,3,,RANDOM_R2,DISCARD,pass,False,"[2, 5, 5, 6, 6, 6, 8, 8, 8, 9, 10, 10, 10, 11, 11, 11, 11]","[10, 10, 10, 10, 0, 0, 0, 0, 0, 0, 0]","[10, 10, 10, 10, 0, 0, 0, 0, 0, 0, 0]",['pass'],,,,
1,3,,_RL_RL,DISCARD,C9;Q4;J0,False,"[0, 0, 0, 0, 0, 0, 4, 4, 5, 6, 6, 7, 7, 7, 7, 8, 10]","[10, 10, 10, 10, 0, 0, 0, 0, 0, 0, 0]","[9, 9, 9, 9, 0, 0, 0, 0, 0, 0, 0]","['C7;Q4;J0', 'C9;Q4;J0', 'pass']",,,,
1,3,,RANDOM_R0,DISCARD,pass,False,"[0, 0, 0, 0, 1, 3, 7, 8, 8, 9, 10, 10, 11, 11, 11, 11, 11]","[9, 9, 9, 9, 0, 0, 0, 0, 0, 0, 0]","[9, 9, 9, 9, 0, 0, 0, 0, 0, 0, 0]",['pass'],,,,
1,3,,RANDOM_R1,DISCARD,pass,False,"[0, 0, 0, 0, 0, 0, 2, 3, 3, 7, 7, 8, 8, 9, 9, 9, 11]","[9, 9, 9, 9, 0, 0, 0, 0, 0, 0, 0]","[9, 9, 9, 9, 0, 0, 0, 0, 0, 0, 0]",['pass'],,,,
1,3,,_RL_RL,DECLARE_PIZZA,,,,,,,,,,
1,4,,_RL_RL,DISCARD,C7;Q4;J0,False,"[0, 0, 0, 0, 0, 0, 0, 0, 0, 0, 4, 4, 5, 6, 6, 8, 10]","[13, 0, 0, 0, 0, 0, 0, 0, 0, 0, 0]","[7, 7, 7, 7, 0, 0, 0, 0, 0, 0, 0]","['C4;Q1;J0', 'C4;Q2;J0', 'C5;Q1;J0', 'C6;Q1;J0', 'C6;Q2;J0', 'C7;Q1;J0', 'C7;Q2;J0', 'C7;Q3;J0', 'C7;Q4;J0', 'C8;Q1;J0', 'C10;Q1;J0', 'pass']",,,,
1,4,,RANDOM_R0,DISCARD,pass,False,"[0, 0, 0, 0, 1, 3, 7, 8, 8, 9, 10, 10, 11, 11, 11, 11, 11]","[7, 7, 7, 7, 0, 0, 0, 0, 0, 0, 0]","[7, 7, 7, 7, 0, 0, 0, 0, 0, 0, 0]",['pass'],,,,
1,4,,RANDOM_R1,DISCARD,pass,False,"[0, 0, 0, 0, 0, 0, 2, 3, 3, 7, 7, 8, 8, 9, 9, 9, 11]","[7, 7, 7, 7, 0, 0, 0, 0, 0, 0, 0]","[7, 7, 7, 7, 0, 0, 0, 0, 0, 0, 0]",['pass'],,,,
1,4,,RANDOM_R2,DISCARD,pass,False,"[2, 5, 5, 6, 6, 6, 8, 8, 8, 9, 10, 10, 10, 11, 11, 11, 11]","[7, 7, 7, 7, 0, 0, 0, 0, 0, 0, 0]","[7, 7, 7, 7, 0, 0, 0, 0, 0, 0, 0]",['pass'],,,,
1,4,,_RL_RL,DECLARE_PIZZA,,,,,,,,,,
1,5,,_RL_RL,DISCARD,C8;Q1;J0,False,"[0, 0, 0, 0, 0, 0, 0, 0, 0, 0, 0, 4, 4, 5, 6, 6, 10]","[13, 0, 0, 0, 0, 0, 0, 0, 0, 0, 0]","[8, 0, 0, 0, 0, 0, 0, 0, 0, 0, 0]","['C4;Q1;J0', 'C4;Q2;J0', 'C5;Q1;J0', 'C6;Q1;J0', 'C6;Q2;J0', 'C8;Q1;J0', 'C10;Q1;J0', 'pass']",,,,
1,5,,RANDOM_R0,DISCARD,C1;Q1;J0,False,"[0, 0, 0, 0, 0, 3, 7, 8, 8, 9, 10, 10, 11, 11, 11, 11, 11]","[8, 0, 0, 0, 0, 0, 0, 0, 0, 0, 0]","[1, 0, 0, 0, 0, 0, 0, 0, 0, 0, 0]","['C1;Q1;J0', 'C3;Q1;J0', 'C7;Q1;J0', 'pass']",,,,
1,5,,RANDOM_R1,DISCARD,pass,False,"[0, 0, 0, 0, 0, 0, 2, 3, 3, 7, 7, 8, 8, 9, 9, 9, 11]","[1, 0, 0, 0, 0, 0, 0, 0, 0, 0, 0]","[1, 0, 0, 0, 0, 0, 0, 0, 0, 0, 0]",['pass'],,,,
1,5,,RANDOM_R2,DISCARD,pass,False,"[2, 5, 5, 6, 6, 6, 8, 8, 8, 9, 10, 10, 10, 11, 11, 11, 11]","[1, 0, 0, 0, 0, 0, 0, 0, 0, 0, 0]","[1, 0, 0, 0, 0, 0, 0, 0, 0, 0, 0]",['pass'],,,,
1,5,,_RL_RL,DISCARD,pass,False,"[0, 0, 0, 0, 0, 0, 0, 0, 0, 0, 0, 4, 4, 5, 6, 6, 10]","[1, 0, 0, 0, 0, 0, 0, 0, 0, 0, 0]","[1, 0, 0, 0, 0, 0, 0, 0, 0, 0, 0]",['pass'],,,,
1,5,,RANDOM_R0,DECLARE_PIZZA,,,,,,,,,,
1,6,,RANDOM_R0,DISCARD,C11;Q4;J0,False,"[0, 0, 0, 0, 0, 0, 0, 0, 0, 3, 7, 8, 8, 9, 10, 10, 11]","[13, 0, 0, 0, 0, 0, 0, 0, 0, 0, 0]","[11, 11, 11, 11, 0, 0, 0, 0, 0, 0, 0]","['C3;Q1;J0', 'C7;Q1;J0', 'C8;Q1;J0', 'C8;Q2;J0', 'C9;Q1;J0', 'C10;Q1;J0', 'C10;Q2;J0', 'C11;Q1;J0', 'C11;Q2;J0', 'C11;Q3;J0', 'C11;Q4;J0', 'C11;Q5;J0', 'pass']",,,,
1,6,,RANDOM_R1,DISCARD,pass,False,"[0, 0, 0, 0, 0, 0, 2, 3, 3, 7, 7, 8, 8, 9, 9, 9, 11]","[11, 11, 11, 11, 0, 0, 0, 0, 0, 0, 0]","[11, 11, 11, 11, 0, 0, 0, 0, 0, 0, 0]",['pass'],,,,
1,6,,RANDOM_R2,DISCARD,pass,False,"[2, 5, 5, 6, 6, 6, 8, 8, 8, 9, 10, 10, 10, 11, 11, 11, 11]","[11, 11, 11, 11, 0, 0, 0, 0, 0, 0, 0]","[11, 11, 11, 11, 0, 0, 0, 0, 0, 0, 0]",['pass'],,,,
1,6,,_RL_RL,DISCARD,pass,False,"[0, 0, 0, 0, 0, 0, 0, 0, 0, 0, 0, 4, 4, 5, 6, 6, 10]","[11, 11, 11, 11, 0, 0, 0, 0, 0, 0, 0]","[11, 11, 11, 11, 0, 0, 0, 0, 0, 0, 0]",['pass'],,,,
1,6,,RANDOM_R0,DECLARE_PIZZA,,,,,,,,,,
1,7,,RANDOM_R0,DISCARD,C8;Q1;J0,False,"[0, 0, 0, 0, 0, 0, 0, 0, 0, 0, 3, 7, 8, 9, 10, 10, 11]","[13, 0, 0, 0, 0, 0, 0, 0, 0, 0, 0]","[8, 0, 0, 0, 0, 0, 0, 0, 0, 0, 0]","['C3;Q1;J0', 'C7;Q1;J0', 'C8;Q1;J0', 'C8;Q2;J0', 'C9;Q1;J0', 'C10;Q1;J0', 'C10;Q2;J0', 'C11;Q1;J0', 'pass']",,,,
1,7,,RANDOM_R1,DISCARD,C7;Q2;J0,False,"[0, 0, 0, 0, 0, 0, 0, 0, 2, 3, 3, 8, 8, 9, 9, 9, 11]","[8, 0, 0, 0, 0, 0, 0, 0, 0, 0, 0]","[7, 7, 0, 0, 0, 0, 0, 0, 0, 0, 0]","['C2;Q1;J0', 'C3;Q1;J0', 'C3;Q2;J0', 'C7;Q1;J0', 'C7;Q2;J0', 'pass']",,,,
1,7,,RANDOM_R2,DISCARD,C6;Q3;J0,False,"[0, 0, 0, 2, 5, 5, 8, 8, 8, 9, 10, 10, 10, 11, 11, 11, 11]","[7, 7, 0, 0, 0, 0, 0, 0, 0, 0, 0]","[6, 6, 6, 0, 0, 0, 0, 0, 0, 0, 0]","['C5;Q2;J0', 'C6;Q2;J0', 'C6;Q3;J0', 'pass']",,,,
1,7,,_RL_RL,DISCARD,pass,False,"[0, 0, 0, 0, 0, 0, 0, 0, 0, 0, 0, 4, 4, 5, 6, 6, 10]","[6, 6, 6, 0, 0, 0, 0, 0, 0, 0, 0]","[6, 6, 6, 0, 0, 0, 0, 0, 0, 0, 0]",['pass'],,,,
1,7,,RANDOM_R0,DISCARD,pass,False,"[0, 0, 0, 0, 0, 0, 0, 0, 0, 0, 3, 7, 8, 9, 10, 10, 11]","[6, 6, 6, 0, 0, 0, 0, 0, 0, 0, 0]","[6, 6, 6, 0, 0, 0, 0, 0, 0, 0, 0]",['pass'],,,,
1,7,,RANDOM_R1,DISCARD,pass,False,"[0, 0, 0, 0, 0, 0, 0, 0, 2, 3, 3, 8, 8, 9, 9, 9, 11]","[6, 6, 6, 0, 0, 0, 0, 0, 0, 0, 0]","[6, 6, 6, 0, 0, 0, 0, 0, 0, 0, 0]",['pass'],,,,
1,7,,RANDOM_R2,DECLARE_PIZZA,,,,,,,,,,
1,8,,RANDOM_R2,DISCARD,C11;Q1;J0,False,"[0, 0, 0, 0, 2, 5, 5, 8, 8, 8, 9, 10, 10, 10, 11, 11, 11]","[13, 0, 0, 0, 0, 0, 0, 0, 0, 0, 0]","[11, 0, 0, 0, 0, 0, 0, 0, 0, 0, 0]","['C2;Q1;J0', 'C5;Q1;J0', 'C5;Q2;J0', 'C8;Q1;J0', 'C8;Q2;J0', 'C8;Q3;J0', 'C9;Q1;J0', 'C10;Q1;J0', 'C10;Q2;J0', 'C10;Q3;J0', 'C11;Q1;J0', 'C11;Q2;J0', 'C11;Q3;J0', 'C11;Q4;J0', 'pass']",,,,
1,8,,_RL_RL,DISCARD,C6;Q2;J0,False,"[0, 0, 0, 0, 0, 0, 0, 0, 0, 0, 0, 0, 0, 4, 4, 5, 10]","[11, 0, 0, 0, 0, 0, 0, 0, 0, 0, 0]","[6, 6, 0, 0, 0, 0, 0, 0, 0, 0, 0]","['C4;Q1;J0', 'C4;Q2;J0', 'C5;Q1;J0', 'C6;Q1;J0', 'C6;Q2;J0', 'C10;Q1;J0', 'pass']",,,,
1,8,,RANDOM_R0,DISCARD,pass,False,"[0, 0, 0, 0, 0, 0, 0, 0, 0, 0, 3, 7, 8, 9, 10, 10, 11]","[6, 6, 0, 0, 0, 0, 0, 0, 0, 0, 0]","[6, 6, 0, 0, 0, 0, 0, 0, 0, 0, 0]",['pass'],,,,
1,8,,RANDOM_R1,DISCARD,pass,False,"[0, 0, 0, 0, 0, 0, 0, 0, 2, 3, 3, 8, 8, 9, 9, 9, 11]","[6, 6, 0, 0, 0, 0, 0, 0, 0, 0, 0]","[6, 6, 0, 0, 0, 0, 0, 0, 0, 0, 0]","['C3;Q2;J0', 'pass']",,,,
1,8,,RANDOM_R2,DISCARD,pass,False,"[0, 0, 0, 0, 2, 5, 5, 8, 8, 8, 9, 10, 10, 10, 11, 11, 11]","[6, 6, 0, 0, 0, 0, 0, 0, 0, 0, 0]","[6, 6, 0, 0, 0, 0, 0, 0, 0, 0, 0]","['C5;Q2;J0', 'pass']",,,,
1,8,,_RL_RL,DECLARE_PIZZA,,,,,,,,,,
1,9,,_RL_RL,DISCARD,C4;Q1;J0,False,"[0, 0, 0, 0, 0, 0, 0, 0, 0, 0, 0, 0, 0, 0, 4, 5, 10]","[13, 0, 0, 0, 0, 0, 0, 0, 0, 0, 0]","[4, 0, 0, 0, 0, 0, 0, 0, 0, 0, 0]","['C4;Q1;J0', 'C4;Q2;J0', 'C5;Q1;J0', 'C10;Q1;J0', 'pass']",,,,
1,9,,RANDOM_R0,DISCARD,pass,False,"[0, 0, 0, 0, 0, 0, 0, 0, 0, 0, 3, 7, 8, 9, 10, 10, 11]","[4, 0, 0, 0, 0, 0, 0, 0, 0, 0, 0]","[4, 0, 0, 0, 0, 0, 0, 0, 0, 0, 0]","['C3;Q1;J0', 'pass']",,,,
1,9,,RANDOM_R1,DISCARD,C3;Q1;J0,False,"[0, 0, 0, 0, 0, 0, 0, 0, 0, 2, 3, 8, 8, 9, 9, 9, 11]","[4, 0, 0, 0, 0, 0, 0, 0, 0, 0, 0]","[3, 0, 0, 0, 0, 0, 0, 0, 0, 0, 0]","['C2;Q1;J0', 'C3;Q1;J0', 'C3;Q2;J0', 'pass']",,,,
1,9,,RANDOM_R2,DISCARD,C2;Q1;J0,False,"[0, 0, 0, 0, 0, 5, 5, 8, 8, 8, 9, 10, 10, 10, 11, 11, 11]","[3, 0, 0, 0, 0, 0, 0, 0, 0, 0, 0]","[2, 0, 0, 0, 0, 0, 0, 0, 0, 0, 0]","['C2;Q1;J0', 'pass']",,,,
1,9,,_RL_RL,DISCARD,pass,False,"[0, 0, 0, 0, 0, 0, 0, 0, 0, 0, 0, 0, 0, 0, 4, 5, 10]","[2, 0, 0, 0, 0, 0, 0, 0, 0, 0, 0]","[2, 0, 0, 0, 0, 0, 0, 0, 0, 0, 0]",['pass'],,,,
1,9,,RANDOM_R1,DISCARD,pass,False,"[0, 0, 0, 0, 0, 0, 0, 0, 0, 2, 3, 8, 8, 9, 9, 9, 11]","[2, 0, 0, 0, 0, 0, 0, 0, 0, 0, 0]","[2, 0, 0, 0, 0, 0, 0, 0, 0, 0, 0]",['pass'],,,,
1,9,,RANDOM_R2,DECLARE_PIZZA,,,,,,,,,,
1,10,,RANDOM_R2,DISCARD,C11;Q3;J0,False,"[0, 0, 0, 0, 0, 0, 0, 0, 5, 5, 8, 8, 8, 9, 10, 10, 10]","[13, 0, 0, 0, 0, 0, 0, 0, 0, 0, 0]","[11, 11, 11, 0, 0, 0, 0, 0, 0, 0, 0]","['C5;Q1;J0', 'C5;Q2;J0', 'C8;Q1;J0', 'C8;Q2;J0', 'C8;Q3;J0', 'C9;Q1;J0', 'C10;Q1;J0', 'C10;Q2;J0', 'C10;Q3;J0', 'C11;Q1;J0', 'C11;Q2;J0', 'C11;Q3;J0', 'pass']",,,,
1,10,,_RL_RL,DISCARD,pass,False,"[0, 0, 0, 0, 0, 0, 0, 0, 0, 0, 0, 0, 0, 0, 4, 5, 10]","[11, 11, 11, 0, 0, 0, 0, 0, 0, 0, 0]","[11, 11, 11, 0, 0, 0, 0, 0, 0, 0, 0]",['pass'],,,,
1,10,,RANDOM_R0,DISCARD,pass,False,"[0, 0, 0, 0, 0, 0, 0, 0, 0, 0, 3, 7, 8, 9, 10, 10, 11]","[11, 11, 11, 0, 0, 0, 0, 0, 0, 0, 0]","[11, 11, 11, 0, 0, 0, 0, 0, 0, 0, 0]",['pass'],,,,
1,10,,RANDOM_R1,DISCARD,pass,False,"[0, 0, 0, 0, 0, 0, 0, 0, 0, 2, 3, 8, 8, 9, 9, 9, 11]","[11, 11, 11, 0, 0, 0, 0, 0, 0, 0, 0]","[11, 11, 11, 0, 0, 0, 0, 0, 0, 0, 0]","['C9;Q3;J0', 'pass']",,,,
1,10,,RANDOM_R2,DECLARE_PIZZA,,,,,,,,,,
1,11,,RANDOM_R2,DISCARD,C10;Q2;J0,False,"[0, 0, 0, 0, 0, 0, 0, 0, 0, 0, 5, 5, 8, 8, 8, 9, 10]","[13, 0, 0, 0, 0, 0, 0, 0, 0, 0, 0]","[10, 10, 0, 0, 0, 0, 0, 0, 0, 0, 0]","['C5;Q1;J0', 'C5;Q2;J0', 'C8;Q1;J0', 'C8;Q2;J0', 'C8;Q3;J0', 'C9;Q1;J0', 'C10;Q1;J0', 'C10;Q2;J0', 'C10;Q3;J0', 'pass']",,,,
1,11,,_RL_RL,DISCARD,pass,False,"[0, 0, 0, 0, 0, 0, 0, 0, 0, 0, 0, 0, 0, 0, 4, 5, 10]","[10, 10, 0, 0, 0, 0, 0, 0, 0, 0, 0]","[10, 10, 0, 0, 0, 0, 0, 0, 0, 0, 0]",['pass'],,,,
1,11,,RANDOM_R0,DISCARD,pass,False,"[0, 0, 0, 0, 0, 0, 0, 0, 0, 0, 3, 7, 8, 9, 10, 10, 11]","[10, 10, 0, 0, 0, 0, 0, 0, 0, 0, 0]","[10, 10, 0, 0, 0, 0, 0, 0, 0, 0, 0]",['pass'],,,,
1,11,,RANDOM_R1,DISCARD,pass,False,"[0, 0, 0, 0, 0, 0, 0, 0, 0, 2, 3, 8, 8, 9, 9, 9, 11]","[10, 10, 0, 0, 0, 0, 0, 0, 0, 0, 0]","[10, 10, 0, 0, 0, 0, 0, 0, 0, 0, 0]","['C8;Q2;J0', 'C9;Q2;J0', 'C9;Q3;J0', 'pass']",,,,
1,11,,RANDOM_R2,DECLARE_PIZZA,,,,,,,,,,
1,12,,RANDOM_R2,DISCARD,C10;Q1;J0,False,"[0, 0, 0, 0, 0, 0, 0, 0, 0, 0, 0, 5, 5, 8, 8, 8, 9]","[13, 0, 0, 0, 0, 0, 0, 0, 0, 0, 0]","[10, 0, 0, 0, 0, 0, 0, 0, 0, 0, 0]","['C5;Q1;J0', 'C5;Q2;J0', 'C8;Q1;J0', 'C8;Q2;J0', 'C8;Q3;J0', 'C9;Q1;J0', 'C10;Q1;J0', 'pass']",,,,
1,12,,_RL_RL,DISCARD,C4;Q1;J0,False,"[0, 0, 0, 0, 0, 0, 0, 0, 0, 0, 0, 0, 0, 0, 0, 5, 10]","[10, 0, 0, 0, 0, 0, 0, 0, 0, 0, 0]","[4, 0, 0, 0, 0, 0, 0, 0, 0, 0, 0]","['C4;Q1;J0', 'C5;Q1;J0', 'pass']",,,,
1,12,,RANDOM_R0,DISCARD,C3;Q1;J0,False,"[0, 0, 0, 0, 0, 0, 0, 0, 0, 0, 0, 7, 8, 9, 10, 10, 11]","[4, 0, 0, 0, 0, 0, 0, 0, 0, 0, 0]","[3, 0, 0, 0, 0, 0, 0, 0, 0, 0, 0]","['C3;Q1;J0', 'pass']",,,,
1,12,,RANDOM_R1,DISCARD,pass,False,"[0, 0, 0, 0, 0, 0, 0, 0, 0, 2, 3, 8, 8, 9, 9, 9, 11]","[3, 0, 0, 0, 0, 0, 0, 0, 0, 0, 0]","[3, 0, 0, 0, 0, 0, 0, 0, 0, 0, 0]","['C2;Q1;J0', 'pass']",,,,
1,12,,RANDOM_R2,DISCARD,pass,False,"[0, 0, 0, 0, 0, 0, 0, 0, 0, 0, 0, 5, 5, 8, 8, 8, 9]","[3, 0, 0, 0, 0, 0, 0, 0, 0, 0, 0]","[3, 0, 0, 0, 0, 0, 0, 0, 0, 0, 0]",['pass'],,,,
1,12,,_RL_RL,DISCARD,pass,False,"[0, 0, 0, 0, 0, 0, 0, 0, 0, 0, 0, 0, 0, 0, 0, 5, 10]","[3, 0, 0, 0, 0, 0, 0, 0, 0, 0, 0]","[3, 0, 0, 0, 0, 0, 0, 0, 0, 0, 0]",['pass'],,,,
1,12,,RANDOM_R0,DECLARE_PIZZA,,,,,,,,,,
1,13,,RANDOM_R0,DISCARD,C11;Q1;J0,False,"[0, 0, 0, 0, 0, 0, 0, 0, 0, 0, 0, 0, 7, 8, 9, 10, 10]","[13, 0, 0, 0, 0, 0, 0, 0, 0, 0, 0]","[11, 0, 0, 0, 0, 0, 0, 0, 0, 0, 0]","['C7;Q1;J0', 'C8;Q1;J0', 'C9;Q1;J0', 'C10;Q1;J0', 'C10;Q2;J0', 'C11;Q1;J0', 'pass']",,,,
1,13,,RANDOM_R1,DISCARD,C2;Q1;J0,False,"[0, 0, 0, 0, 0, 0, 0, 0, 0, 0, 3, 8, 8, 9, 9, 9, 11]","[11, 0, 0, 0, 0, 0, 0, 0, 0, 0, 0]","[2, 0, 0, 0, 0, 0, 0, 0, 0, 0, 0]","['C2;Q1;J0', 'C3;Q1;J0', 'C8;Q1;J0', 'C8;Q2;J0', 'C9;Q1;J0', 'C9;Q2;J0', 'C9;Q3;J0', 'pass']",,,,
1,13,,RANDOM_R2,DISCARD,pass,False,"[0, 0, 0, 0, 0, 0, 0, 0, 0, 0, 0, 5, 5, 8, 8, 8, 9]","[2, 0, 0, 0, 0, 0, 0, 0, 0, 0, 0]","[2, 0, 0, 0, 0, 0, 0, 0, 0, 0, 0]",['pass'],,,,
1,13,,_RL_RL,DISCARD,pass,False,"[0, 0, 0, 0, 0, 0, 0, 0, 0, 0, 0, 0, 0, 0, 0, 5, 10]","[2, 0, 0, 0, 0, 0, 0, 0, 0, 0, 0]","[2, 0, 0, 0, 0, 0, 0, 0, 0, 0, 0]",['pass'],,,,
1,13,,RANDOM_R0,DISCARD,pass,False,"[0, 0, 0, 0, 0, 0, 0, 0, 0, 0, 0, 0, 7, 8, 9, 10, 10]","[2, 0, 0, 0, 0, 0, 0, 0, 0, 0, 0]","[2, 0, 0, 0, 0, 0, 0, 0, 0, 0, 0]",['pass'],,,,
1,13,,RANDOM_R1,DECLARE_PIZZA,,,,,,,,,,
1,14,,RANDOM_R1,DISCARD,C9;Q3;J0,False,"[0, 0, 0, 0, 0, 0, 0, 0, 0, 0, 0, 0, 0, 3, 8, 8, 11]","[13, 0, 0, 0, 0, 0, 0, 0, 0, 0, 0]","[9, 9, 9, 0, 0, 0, 0, 0, 0, 0, 0]","['C3;Q1;J0', 'C8;Q1;J0', 'C8;Q2;J0', 'C9;Q1;J0', 'C9;Q2;J0', 'C9;Q3;J0', 'C11;Q1;J0', 'pass']",,,,
1,14,,RANDOM_R2,DISCARD,pass,False,"[0, 0, 0, 0, 0, 0, 0, 0, 0, 0, 0, 5, 5, 8, 8, 8, 9]","[9, 9, 9, 0, 0, 0, 0, 0, 0, 0, 0]","[9, 9, 9, 0, 0, 0, 0, 0, 0, 0, 0]","['C8;Q3;J0', 'pass']",,,,
1,14,,_RL_RL,DISCARD,pass,False,"[0, 0, 0, 0, 0, 0, 0, 0, 0, 0, 0, 0, 0, 0, 0, 5, 10]","[9, 9, 9, 0, 0, 0, 0, 0, 0, 0, 0]","[9, 9, 9, 0, 0, 0, 0, 0, 0, 0, 0]",['pass'],,,,
1,14,,RANDOM_R0,DISCARD,pass,False,"[0, 0, 0, 0, 0, 0, 0, 0, 0, 0, 0, 0, 7, 8, 9, 10, 10]","[9, 9, 9, 0, 0, 0, 0, 0, 0, 0, 0]","[9, 9, 9, 0, 0, 0, 0, 0, 0, 0, 0]",['pass'],,,,
1,14,,RANDOM_R1,DECLARE_PIZZA,,,,,,,,,,
1,15,,RANDOM_R1,DISCARD,C8;Q1;J0,False,"[0, 0, 0, 0, 0, 0, 0, 0, 0, 0, 0, 0, 0, 0, 3, 8, 11]","[13, 0, 0, 0, 0, 0, 0, 0, 0, 0, 0]","[8, 0, 0, 0, 0, 0, 0, 0, 0, 0, 0]","['C3;Q1;J0', 'C8;Q1;J0', 'C8;Q2;J0', 'C11;Q1;J0', 'pass']",,,,
1,15,,RANDOM_R2,DISCARD,C5;Q1;J0,False,"[0, 0, 0, 0, 0, 0, 0, 0, 0, 0, 0, 0, 5, 8, 8, 8, 9]","[8, 0, 0, 0, 0, 0, 0, 0, 0, 0, 0]","[5, 0, 0, 0, 0, 0, 0, 0, 0, 0, 0]","['C5;Q1;J0', 'C5;Q2;J0', 'pass']",,,,
1,15,,_RL_RL,DISCARD,pass,False,"[0, 0, 0, 0, 0, 0, 0, 0, 0, 0, 0, 0, 0, 0, 0, 5, 10]","[5, 0, 0, 0, 0, 0, 0, 0, 0, 0, 0]","[5, 0, 0, 0, 0, 0, 0, 0, 0, 0, 0]",['pass'],,,,
1,15,,RANDOM_R0,DISCARD,pass,False,"[0, 0, 0, 0, 0, 0, 0, 0, 0, 0, 0, 0, 7, 8, 9, 10, 10]","[5, 0, 0, 0, 0, 0, 0, 0, 0, 0, 0]","[5, 0, 0, 0, 0, 0, 0, 0, 0, 0, 0]",['pass'],,,,
1,15,,RANDOM_R1,DISCARD,C3;Q1;J0,False,"[0, 0, 0, 0, 0, 0, 0, 0, 0, 0, 0, 0, 0, 0, 0, 8, 11]","[5, 0, 0, 0, 0, 0, 0, 0, 0, 0, 0]","[3, 0, 0, 0, 0, 0, 0, 0, 0, 0, 0]","['C3;Q1;J0', 'pass']",,,,
1,15,,RANDOM_R2,DISCARD,pass,False,"[0, 0, 0, 0, 0, 0, 0, 0, 0, 0, 0, 0, 5, 8, 8, 8, 9]","[3, 0, 0, 0, 0, 0, 0, 0, 0, 0, 0]","[3, 0, 0, 0, 0, 0, 0, 0, 0, 0, 0]",['pass'],,,,
1,15,,RANDOM_R1,DECLARE_PIZZA,,,,,,,,,,
1,16,,RANDOM_R1,DISCARD,C8;Q1;J0,False,"[0, 0, 0, 0, 0, 0, 0, 0, 0, 0, 0, 0, 0, 0, 0, 0, 11]","[13, 0, 0, 0, 0, 0, 0, 0, 0, 0, 0]","[8, 0, 0, 0, 0, 0, 0, 0, 0, 0, 0]","['C8;Q1;J0', 'C11;Q1;J0', 'pass']",,,,
1,16,,RANDOM_R2,DISCARD,C5;Q1;J0,False,"[0, 0, 0, 0, 0, 0, 0, 0, 0, 0, 0, 0, 0, 8, 8, 8, 9]","[8, 0, 0, 0, 0, 0, 0, 0, 0, 0, 0]","[5, 0, 0, 0, 0, 0, 0, 0, 0, 0, 0]","['C5;Q1;J0', 'pass']",,,,
1,16,,_RL_RL,DISCARD,pass,False,"[0, 0, 0, 0, 0, 0, 0, 0, 0, 0, 0, 0, 0, 0, 0, 5, 10]","[5, 0, 0, 0, 0, 0, 0, 0, 0, 0, 0]","[5, 0, 0, 0, 0, 0, 0, 0, 0, 0, 0]",['pass'],,,,
1,16,,RANDOM_R0,DISCARD,pass,False,"[0, 0, 0, 0, 0, 0, 0, 0, 0, 0, 0, 0, 7, 8, 9, 10, 10]","[5, 0, 0, 0, 0, 0, 0, 0, 0, 0, 0]","[5, 0, 0, 0, 0, 0, 0, 0, 0, 0, 0]",['pass'],,,,
1,16,,RANDOM_R1,DISCARD,pass,False,"[0, 0, 0, 0, 0, 0, 0, 0, 0, 0, 0, 0, 0, 0, 0, 0, 11]","[5, 0, 0, 0, 0, 0, 0, 0, 0, 0, 0]","[5, 0, 0, 0, 0, 0, 0, 0, 0, 0, 0]",['pass'],,,,
1,16,,RANDOM_R2,DECLARE_PIZZA,,,,,,,,,,
1,17,,RANDOM_R2,DISCARD,pass,False,"[0, 0, 0, 0, 0, 0, 0, 0, 0, 0, 0, 0, 0, 8, 8, 8, 9]","[13, 0, 0, 0, 0, 0, 0, 0, 0, 0, 0]","[13, 0, 0, 0, 0, 0, 0, 0, 0, 0, 0]","['C8;Q1;J0', 'C8;Q2;J0', 'C8;Q3;J0', 'C9;Q1;J0', 'pass']",,,,
1,17,,_RL_RL,DISCARD,C10;Q1;J0,False,"[0, 0, 0, 0, 0, 0, 0, 0, 0, 0, 0, 0, 0, 0, 0, 0, 5]","[13, 0, 0, 0, 0, 0, 0, 0, 0, 0, 0]","[10, 0, 0, 0, 0, 0, 0, 0, 0, 0, 0]","['C5;Q1;J0', 'C10;Q1;J0', 'pass']",,,,
1,17,,RANDOM_R0,DISCARD,C9;Q1;J0,False,"[0, 0, 0, 0, 0, 0, 0, 0, 0, 0, 0, 0, 0, 7, 8, 10, 10]","[10, 0, 0, 0, 0, 0, 0, 0, 0, 0, 0]","[9, 0, 0, 0, 0, 0, 0, 0, 0, 0, 0]","['C7;Q1;J0', 'C8;Q1;J0', 'C9;Q1;J0', 'pass']",,,,
1,17,,RANDOM_R1,DISCARD,pass,False,"[0, 0, 0, 0, 0, 0, 0, 0, 0, 0, 0, 0, 0, 0, 0, 0, 11]","[9, 0, 0, 0, 0, 0, 0, 0, 0, 0, 0]","[9, 0, 0, 0, 0, 0, 0, 0, 0, 0, 0]",['pass'],,,,
1,17,,_RL_RL,DISCARD,C5;Q1;J0,True,[0. 0. 0. 0. 0. 0. 0. 0. 0. 0. 0. 0. 0. 0. 0. 0. 0.],"[9, 0, 0, 0, 0, 0, 0, 0, 0, 0, 0]","[5, 0, 0, 0, 0, 0, 0, 0, 0, 0, 0]","['C5;Q1;J0', 'pass']",,,,
1,17,,_RL_RL,DECLARE_PIZZA,,,,,,,,,,
1,18,,RANDOM_R0,DISCARD,C7;Q1;J0,False,"[0, 0, 0, 0, 0, 0, 0, 0, 0, 0, 0, 0, 0, 0, 8, 10, 10]","[13, 0, 0, 0, 0, 0, 0, 0, 0, 0, 0]","[7, 0, 0, 0, 0, 0, 0, 0, 0, 0, 0]","['C7;Q1;J0', 'C8;Q1;J0', 'C10;Q1;J0', 'C10;Q2;J0', 'pass']",,,,
1,18,,RANDOM_R1,DISCARD,pass,False,"[0, 0, 0, 0, 0, 0, 0, 0, 0, 0, 0, 0, 0, 0, 0, 0, 11]","[7, 0, 0, 0, 0, 0, 0, 0, 0, 0, 0]","[7, 0, 0, 0, 0, 0, 0, 0, 0, 0, 0]",['pass'],,,,
1,18,,RANDOM_R2,DISCARD,pass,False,"[0, 0, 0, 0, 0, 0, 0, 0, 0, 0, 0, 0, 0, 8, 8, 8, 9]","[7, 0, 0, 0, 0, 0, 0, 0, 0, 0, 0]","[7, 0, 0, 0, 0, 0, 0, 0, 0, 0, 0]",['pass'],,,,
1,18,,RANDOM_R0,DECLARE_PIZZA,,,,,,,,,,
1,19,,RANDOM_R0,DISCARD,pass,False,"[0, 0, 0, 0, 0, 0, 0, 0, 0, 0, 0, 0, 0, 0, 8, 10, 10]","[13, 0, 0, 0, 0, 0, 0, 0, 0, 0, 0]","[13, 0, 0, 0, 0, 0, 0, 0, 0, 0, 0]","['C8;Q1;J0', 'C10;Q1;J0', 'C10;Q2;J0', 'pass']",,,,
1,19,,RANDOM_R1,DISCARD,pass,False,"[0, 0, 0, 0, 0, 0, 0, 0, 0, 0, 0, 0, 0, 0, 0, 0, 11]","[13, 0, 0, 0, 0, 0, 0, 0, 0, 0, 0]","[13, 0, 0, 0, 0, 0, 0, 0, 0, 0, 0]","['C11;Q1;J0', 'pass']",,,,
1,19,,RANDOM_R2,DISCARD,C8;Q2;J0,False,"[0, 0, 0, 0, 0, 0, 0, 0, 0, 0, 0, 0, 0, 0, 0, 8, 9]","[13, 0, 0, 0, 0, 0, 0, 0, 0, 0, 0]","[8, 8, 0, 0, 0, 0, 0, 0, 0, 0, 0]","['C8;Q1;J0', 'C8;Q2;J0', 'C8;Q3;J0', 'C9;Q1;J0', 'pass']",,,,
1,19,,RANDOM_R2,DECLARE_PIZZA,,,,,,,,,,
1,20,,RANDOM_R2,DISCARD,C9;Q1;J0,False,"[0, 0, 0, 0, 0, 0, 0, 0, 0, 0, 0, 0, 0, 0, 0, 0, 8]","[13, 0, 0, 0, 0, 0, 0, 0, 0, 0, 0]","[9, 0, 0, 0, 0, 0, 0, 0, 0, 0, 0]","['C8;Q1;J0', 'C9;Q1;J0', 'pass']",,,,
1,20,,RANDOM_R0,DISCARD,C8;Q1;J0,False,"[0, 0, 0, 0, 0, 0, 0, 0, 0, 0, 0, 0, 0, 0, 0, 10, 10]","[9, 0, 0, 0, 0, 0, 0, 0, 0, 0, 0]","[8, 0, 0, 0, 0, 0, 0, 0, 0, 0, 0]","['C8;Q1;J0', 'pass']",,,,
1,20,,RANDOM_R1,DISCARD,pass,False,"[0, 0, 0, 0, 0, 0, 0, 0, 0, 0, 0, 0, 0, 0, 0, 0, 11]","[8, 0, 0, 0, 0, 0, 0, 0, 0, 0, 0]","[8, 0, 0, 0, 0, 0, 0, 0, 0, 0, 0]",['pass'],,,,
1,20,,RANDOM_R2,DISCARD,pass,False,"[0, 0, 0, 0, 0, 0, 0, 0, 0, 0, 0, 0, 0, 0, 0, 0, 8]","[8, 0, 0, 0, 0, 0, 0, 0, 0, 0, 0]","[8, 0, 0, 0, 0, 0, 0, 0, 0, 0, 0]",['pass'],,,,
1,20,,RANDOM_R0,DECLARE_PIZZA,,,,,,,,,,
1,21,,RANDOM_R0,DISCARD,C10;Q2;J0,True,[0. 0. 0. 0. 0. 0. 0. 0. 0. 0. 0. 0. 0. 0. 0. 0. 0.],"[13, 0, 0, 0, 0, 0, 0, 0, 0, 0, 0]","[10, 10, 0, 0, 0, 0, 0, 0, 0, 0, 0]","['C10;Q1;J0', 'C10;Q2;J0', 'pass']",,,,
1,21,,RANDOM_R1,DISCARD,pass,False,"[0, 0, 0, 0, 0, 0, 0, 0, 0, 0, 0, 0, 0, 0, 0, 0, 11]","[10, 10, 0, 0, 0, 0, 0, 0, 0, 0, 0]","[10, 10, 0, 0, 0, 0, 0, 0, 0, 0, 0]",['pass'],,,,
1,21,,RANDOM_R2,DISCARD,pass,False,"[0, 0, 0, 0, 0, 0, 0, 0, 0, 0, 0, 0, 0, 0, 0, 0, 8]","[10, 10, 0, 0, 0, 0, 0, 0, 0, 0, 0]","[10, 10, 0, 0, 0, 0, 0, 0, 0, 0, 0]",['pass'],,,,
1,21,,RANDOM_R0,DECLARE_PIZZA,,,,,,,,,,
1,22,,RANDOM_R1,DISCARD,pass,False,"[0, 0, 0, 0, 0, 0, 0, 0, 0, 0, 0, 0, 0, 0, 0, 0, 11]","[13, 0, 0, 0, 0, 0, 0, 0, 0, 0, 0]","[13, 0, 0, 0, 0, 0, 0, 0, 0, 0, 0]","['C11;Q1;J0', 'pass']",,,,
1,22,,RANDOM_R2,DISCARD,C8;Q1;J0,True,[0. 0. 0. 0. 0. 0. 0. 0. 0. 0. 0. 0. 0. 0. 0. 0. 0.],"[13, 0, 0, 0, 0, 0, 0, 0, 0, 0, 0]","[8, 0, 0, 0, 0, 0, 0, 0, 0, 0, 0]","['C8;Q1;J0', 'pass']",,,,
1,22,,RANDOM_R2,DECLARE_PIZZA,,,,,,,,,,
1,22,,SYSTEM,END_MATCH,,,,,,,"{'_RL_RL': 'Chef', 'RANDOM_R0': 'Souschef', 'RANDOM_R1': 'Dishwasher', 'RANDOM_R2': 'Waiter'}","{'_RL_RL': 3, 'RANDOM_R0': 2, 'RANDOM_R1': 0, 'RANDOM_R2': 1}","{'_RL_RL': 3, 'RANDOM_R0': 2, 'RANDOM_R1': 0, 'RANDOM_R2': 1}",
1,22,,SYSTEM,END_EXPERIMENT,,,,,,,"{'_RL_RL': 'Chef', 'RANDOM_R0': 'Souschef', 'RANDOM_R1': 'Dishwasher', 'RANDOM_R2': 'Waiter'}",,"{'_RL_RL': 3, 'RANDOM_R0': 2, 'RANDOM_R1': 0, 'RANDOM_R2': 1}","{'_RL_RL': 1.3043478260869565, 'RANDOM_R0': 0.8695652173913043, 'RANDOM_R1': 0.0, 'RANDOM_R2': 0.43478260869565216}"
